-9.875461596168140943e+01,-9.036303771995382306e+01,1.000000000000000000e+00
-9.116033082127050591e+01,1.485439805372855062e+02,4.000000000000000000e+00
-9.996073545558158457e+01,-4.372530247722554719e+00,4.000000000000000000e+00
-1.763706588283816927e+02,-5.355047431905393118e+00,2.000000000000000000e+00
7.474335476002389100e+01,1.725060286414959876e+02,2.000000000000000000e+00
3.590555334169695101e+01,-5.800636055796775281e+01,4.000000000000000000e+00
-1.315310000898384999e+02,-1.645338329631112515e+02,1.000000000000000000e+00
1.757152424020347610e+02,-1.079390127158454789e+02,1.000000000000000000e+00
6.871755317311070144e+01,1.186437177599918016e+02,1.000000000000000000e+00
-1.376017029729270291e+02,-1.796796530566818717e+02,2.000000000000000000e+00
-1.649518296467774405e+02,-5.640542393312738056e+01,2.000000000000000000e+00
1.606084305169586628e+02,-1.784978975988752552e+02,0.000000000000000000e+00
7.612278662775638338e+01,-3.566262535600499461e+01,1.000000000000000000e+00
5.572933280973271764e+01,-6.351211934252447833e+01,2.000000000000000000e+00
-1.121867375241816660e+02,1.008012143582699451e+02,4.000000000000000000e+00
-1.218405083238476863e+02,1.025456191022930881e+02,2.000000000000000000e+00
-1.065504735720370206e+02,-8.123518540656702669e+01,2.000000000000000000e+00
-8.911829706653934124e+01,-1.567845711735179748e+02,1.000000000000000000e+00
-1.508000321756128770e+01,1.487462793192989636e+02,1.000000000000000000e+00
-1.761606348690957873e+02,-4.204398064517079803e+01,1.000000000000000000e+00
1.220288660020422640e+02,-1.480710369516971525e+02,2.000000000000000000e+00
1.779139116354138821e+02,-1.537449447068181030e+02,2.000000000000000000e+00
1.228729133475140998e+02,-6.659894367306229412e+01,0.000000000000000000e+00
-4.255365427017527225e+01,5.812430935200601567e+01,1.000000000000000000e+00
1.379439702732845774e+02,1.000808082421037284e+02,0.000000000000000000e+00
6.045545276193451656e+01,-6.593876147094262308e+01,4.000000000000000000e+00
1.789450444355762215e+02,1.088267339214493319e+02,3.000000000000000000e+00
-1.048945663287350811e+02,-7.654611482833711023e+01,4.000000000000000000e+00
1.763464609373729672e+02,-3.511906585624599586e+01,2.000000000000000000e+00
5.344311751945096489e+01,4.772723455770186263e+01,0.000000000000000000e+00
1.296564672532894633e+02,9.078654661019837135e+01,3.000000000000000000e+00
-8.364616784982753472e+01,5.825671558123893590e+01,1.000000000000000000e+00
-1.184594558499676396e+02,1.144196115373356690e+02,4.000000000000000000e+00
1.749764366429214490e+01,-1.489812021702614402e+02,3.000000000000000000e+00
-7.380598224950215069e+01,-1.707414627624198289e+01,4.000000000000000000e+00
-9.867969199160155824e+01,3.989886529483497313e+00,3.000000000000000000e+00
-4.989934498167730226e+01,9.777875744111726419e+01,2.000000000000000000e+00
-9.822335960222571316e+01,-5.888501455094364445e+01,2.000000000000000000e+00
-1.756658710417748068e+02,-5.950708480065389239e+01,2.000000000000000000e+00
-9.644007883163619965e+01,-1.269558697006571037e+02,4.000000000000000000e+00
9.109378963435023024e+01,5.544480506964166722e+01,3.000000000000000000e+00
-1.650200551080943114e+02,-9.330246445949687484e+01,1.000000000000000000e+00
1.052718729563098066e+02,-2.691060404721839916e+01,0.000000000000000000e+00
4.958257132255818078e+01,-2.759701474972565904e+01,2.000000000000000000e+00
8.501280914974793745e+01,1.248503012091737787e+02,0.000000000000000000e+00
-8.170563986077166874e+01,1.472992094309319455e+01,1.000000000000000000e+00
-8.091478306064055914e+01,-1.537605439127201521e+02,4.000000000000000000e+00
4.269300976435475548e+01,-9.469047801226059846e+01,2.000000000000000000e+00
-1.198652850316841381e+02,-1.961371149479167464e+00,4.000000000000000000e+00
1.547192773616004615e+02,-1.193422123446649152e+02,0.000000000000000000e+00
-4.551227344424084720e+00,-1.512992507136873854e+01,2.000000000000000000e+00
-4.904007366200014673e+01,-4.281815734523809169e+01,1.000000000000000000e+00
-8.019611773626957074e+01,-8.500891577830222445e+01,4.000000000000000000e+00
1.583906821017440052e+02,1.704862873103513436e+02,0.000000000000000000e+00
5.091368486970767293e+01,-9.160510556253235848e+01,4.000000000000000000e+00
1.161660563669847903e+02,1.331488350919685217e+02,1.000000000000000000e+00
6.405966756795211836e+01,1.563007684867872911e+02,1.000000000000000000e+00
-7.169358914848105258e+01,-9.470889822206311237e+01,2.000000000000000000e+00
1.389544346564298110e+02,1.612242158473123084e+02,1.000000000000000000e+00
-6.230605415563728045e-01,-5.275799446400823989e+00,3.000000000000000000e+00
3.443963641751128790e+01,1.520712616106870883e+02,3.000000000000000000e+00
7.352613827741083696e+01,1.232314910294289945e+02,2.000000000000000000e+00
-6.776716170822527374e+01,1.000521716096299372e+02,4.000000000000000000e+00
-6.563744230906731758e+00,7.922008033898246815e+00,2.000000000000000000e+00
3.219635417354677998e+01,-5.788203825609851094e+01,1.000000000000000000e+00
1.214393302787245830e+02,-1.378847458164371176e+02,1.000000000000000000e+00
7.429643639035761282e+01,-1.485549775169649251e+02,3.000000000000000000e+00
-1.225224860636782154e+02,1.586367028317524444e+02,0.000000000000000000e+00
1.579313885275940947e+02,1.237146129567864108e+02,1.000000000000000000e+00
-8.515605979699815009e+01,5.111449014912333411e+01,0.000000000000000000e+00
-1.156933845984978291e+02,3.861958488349075935e+01,2.000000000000000000e+00
-1.378925249469955645e+02,1.504126699133116745e+02,2.000000000000000000e+00
6.293900749577609588e+01,1.138000582419092126e+02,1.000000000000000000e+00
1.419753112595452365e+02,5.174908553393282773e+01,3.000000000000000000e+00
-8.150776897730981574e+00,5.077957824808834175e+00,1.000000000000000000e+00
1.306951725857763904e+02,-6.588512676128691226e+01,0.000000000000000000e+00
-1.017725256755640544e+02,-1.450449687394541343e+02,4.000000000000000000e+00
5.759529647438458255e+01,-1.299227063975582723e+02,0.000000000000000000e+00
-4.119204199215330675e+01,-2.477788825235535697e+01,4.000000000000000000e+00
-7.685697232349690466e+01,-4.980783021523759402e+01,4.000000000000000000e+00
1.395058152437449337e+02,1.452684663999451118e+02,0.000000000000000000e+00
1.570766497838577891e+02,9.748444576924678984e+01,0.000000000000000000e+00
-4.512004531238559224e+01,-8.749793698056012659e+01,0.000000000000000000e+00
-1.337836144224956172e+02,-1.209545907467841630e+02,1.000000000000000000e+00
-1.717703930367254088e+02,-3.184762522887799463e+01,3.000000000000000000e+00
1.291289185449109880e+02,8.771160909265965699e+01,3.000000000000000000e+00
3.257093058310987033e+01,1.056151635285609132e+02,1.000000000000000000e+00
-1.545891060416464313e+02,1.263464866892800487e+01,2.000000000000000000e+00
-5.858680718025938461e+01,1.094693764648521750e+02,2.000000000000000000e+00
1.057612811899768417e+02,1.284966537009107128e+02,0.000000000000000000e+00
-3.523766011502419104e+01,-1.363656138337052823e+02,3.000000000000000000e+00
-1.632664671872040856e+02,-1.513981622313138153e+01,2.000000000000000000e+00
1.313236583175285830e+02,6.812547237622463570e+01,2.000000000000000000e+00
-8.938666463278626395e+01,-7.288161620847444055e+01,3.000000000000000000e+00
4.296757622109043240e+01,1.726619430362343905e+02,4.000000000000000000e+00
-4.788191855018060750e+01,1.326720429253822147e+02,2.000000000000000000e+00
7.102753740640034152e+01,1.785067188902499424e+02,2.000000000000000000e+00
-6.472065294968609805e+01,-1.106209545430094749e+02,1.000000000000000000e+00
-9.811275465679692331e+01,8.287263441986179657e+01,1.000000000000000000e+00
-8.345472902640948121e+01,-1.342876448703856056e+02,2.000000000000000000e+00
1.747334258888128886e+02,1.744109237275669386e+02,1.000000000000000000e+00
1.660448051784138670e+02,8.027513592838306522e+01,3.000000000000000000e+00
4.430231655535311575e+01,1.595311362393968011e+02,3.000000000000000000e+00
-8.754680003367481333e+01,-1.594987882335683196e+02,1.000000000000000000e+00
-7.101550244522415767e+01,1.780299658179578159e+02,3.000000000000000000e+00
-1.741002939183398155e+02,1.699548645773466546e+02,3.000000000000000000e+00
5.700984309985035026e+01,1.195014549844394196e+02,3.000000000000000000e+00
6.982167949189344824e+01,-4.615549136100365502e+01,2.000000000000000000e+00
-1.299431801513458140e+01,1.018654939952140523e+02,3.000000000000000000e+00
1.394632722628050487e+02,-1.113819594543462301e+02,1.000000000000000000e+00
1.565560981798173543e+02,4.542224979811855690e+01,4.000000000000000000e+00
1.680585771548181526e+02,-1.545513460366685763e+02,0.000000000000000000e+00
8.981931242158937323e+01,-1.719196618843731699e+02,2.000000000000000000e+00
7.411072627500123744e+00,2.874467437491516897e+00,2.000000000000000000e+00
2.810879882709771849e+01,-1.167715207086520053e+02,4.000000000000000000e+00
-1.329110826871035158e+02,-6.222469418479205672e+01,2.000000000000000000e+00
-2.548460158201400816e+01,2.912660153664945284e+01,3.000000000000000000e+00
1.101515168481518288e+02,-7.150022961930967824e+01,1.000000000000000000e+00
8.934566911191889460e+01,6.102493874037757138e+01,3.000000000000000000e+00
-8.069763086710584332e+01,-6.094830878412543029e+01,2.000000000000000000e+00
-1.210018983193749023e+02,-1.522161906291080946e+01,1.000000000000000000e+00
1.788570739257704076e+02,-7.563264844562495171e+01,0.000000000000000000e+00
-3.465267314692307821e+01,1.336272754795581932e+02,4.000000000000000000e+00
-1.048113093646103096e+02,1.575689311097514178e+02,4.000000000000000000e+00
-9.760426936491255390e+01,7.803865184080270012e+01,2.000000000000000000e+00
-6.592940795619628602e+01,-1.750862272777776241e+02,3.000000000000000000e+00
2.149929951403401063e+01,-6.660251942614445397e+01,2.000000000000000000e+00
1.493173502289502039e+02,-6.986735839587741737e+01,2.000000000000000000e+00
1.636328198573810369e+02,1.148084672639591730e+02,0.000000000000000000e+00
4.288831556639544829e+01,-1.292694785989822037e+02,0.000000000000000000e+00
-1.025813966671103685e+02,8.875484992040571797e+01,1.000000000000000000e+00
1.374021652626340142e+02,4.646137094194258133e+00,2.000000000000000000e+00
1.793400518246247373e+02,-5.730897928638484018e+01,0.000000000000000000e+00
8.062700972369056274e+01,-5.829740190233935238e+01,1.000000000000000000e+00
-1.729215258727528806e+02,-1.053712893598443401e+02,1.000000000000000000e+00
9.025883432307188059e+01,2.986797984137805528e+01,1.000000000000000000e+00
1.283178037311823516e+02,-3.946846819561684327e+01,1.000000000000000000e+00
-1.787613721910410334e+02,1.648752337435605284e+02,0.000000000000000000e+00
5.324312660598917724e+00,-3.301085297810405450e+01,4.000000000000000000e+00
1.020645361999032588e+02,-2.479033684937512660e+01,2.000000000000000000e+00
-1.131485058472959793e+02,-1.161696508009883502e+02,2.000000000000000000e+00
-1.411117641630835635e+02,-1.003616298674037211e+02,2.000000000000000000e+00
-1.437619852236421139e+02,-1.766190751781370807e+02,0.000000000000000000e+00
-2.058418815681508640e+00,-7.711522625041236267e+01,1.000000000000000000e+00
3.047382482371883938e+01,8.193874274011683667e+01,1.000000000000000000e+00
7.008358685127134891e+01,1.537056641533268078e+02,2.000000000000000000e+00
1.486545663666310020e+02,-1.714156343611464308e+02,0.000000000000000000e+00
2.699924820799409630e+01,3.756394471308455962e+01,3.000000000000000000e+00
-1.685200876981686235e+02,1.057756796661955576e+02,2.000000000000000000e+00
-1.677909415812672478e+02,2.138368386390098408e+01,0.000000000000000000e+00
-8.932776623787802350e+00,7.644203773494207610e+01,0.000000000000000000e+00
5.898727616729210155e+01,9.976494634538286732e+01,2.000000000000000000e+00
-1.413762114287530665e+02,-1.068320259761872393e+00,4.000000000000000000e+00
3.418406314761538312e+01,1.248871415044557267e+02,4.000000000000000000e+00
-1.070919035503206942e+02,5.923507027566314065e+01,1.000000000000000000e+00
-1.018274731251802478e+01,-2.529945968814613977e+01,4.000000000000000000e+00
-7.115433007234202023e+01,3.285656376916389121e+01,3.000000000000000000e+00
-1.768048854137240937e+02,1.402256951837815961e+02,1.000000000000000000e+00
-5.057001928703716942e+01,-1.008766301348474883e+02,2.000000000000000000e+00
-1.428608177927564498e+02,1.313528906022813203e+02,4.000000000000000000e+00
-1.461368813895430776e+02,-6.387239886633537367e+01,3.000000000000000000e+00
8.523970271948155641e+01,-4.141254101174172320e+01,1.000000000000000000e+00
4.211302491962467798e+01,-1.795210874901935938e+02,4.000000000000000000e+00
-1.007336851271105758e+02,7.732578926220656790e+00,2.000000000000000000e+00
-8.058410672410370523e+01,-1.548126581212621886e+02,4.000000000000000000e+00
1.166418440367263401e+02,1.085354355600955927e+02,2.000000000000000000e+00
-1.440709760087690370e+02,-1.598445271418202367e+02,1.000000000000000000e+00
-1.744146745668467986e+02,3.498580681997868425e+01,4.000000000000000000e+00
-1.676550770925726965e+02,-1.640814513566797928e+02,4.000000000000000000e+00
1.217584678165758163e+02,1.192547760240059347e+02,3.000000000000000000e+00
1.222872434310232279e+02,-1.465585931970386753e+02,2.000000000000000000e+00
1.172246137746615915e+02,1.404996664010777465e+02,4.000000000000000000e+00
8.361440942351450190e+00,-1.645454828404738237e+02,0.000000000000000000e+00
-1.744604498919432842e+02,-1.875086872259918991e+01,4.000000000000000000e+00
-1.485204541442051323e+02,1.401817795588264914e+02,1.000000000000000000e+00
-1.279149928148993531e+01,-1.476571884117802824e+01,1.000000000000000000e+00
-9.852903225687832389e+01,7.098077548787537694e+01,3.000000000000000000e+00
8.616457847311417595e+01,1.112630285151396237e+02,4.000000000000000000e+00
1.642235744913975637e+01,1.363306385969460450e+02,2.000000000000000000e+00
4.778435042791937803e+01,6.948890114593670830e+01,3.000000000000000000e+00
-9.023299446620487174e+01,3.391966316455725661e+00,3.000000000000000000e+00
8.177678562961672171e+00,-1.032518470626102101e+02,0.000000000000000000e+00
1.203098849817991578e+02,-1.905306242683602136e+01,3.000000000000000000e+00
5.570772192866380834e+01,-9.578431075744097711e+01,3.000000000000000000e+00
6.245285282147914074e+01,8.730320676630898902e+01,4.000000000000000000e+00
-6.087927420805829115e+01,-1.627453621907638137e+02,2.000000000000000000e+00
-1.045461090600190630e+02,8.631668697436160187e+01,0.000000000000000000e+00
7.819323729260898403e+01,9.428713069494793331e+01,0.000000000000000000e+00
1.288964002326155764e+02,5.885147192688678075e+01,3.000000000000000000e+00
1.076377109537503785e+01,-1.215532564980565411e+01,1.000000000000000000e+00
-1.590094470937629580e+02,1.694987101265517424e+02,1.000000000000000000e+00
2.578976446034934611e+01,-1.500826804051726171e+01,0.000000000000000000e+00
-1.419559202146147072e+02,8.869034062628590220e+01,4.000000000000000000e+00
-1.696025809702540528e+02,1.418451061091990368e+02,3.000000000000000000e+00
8.948489583509780232e+01,1.515900116415796788e+02,0.000000000000000000e+00
2.722994018322671650e+01,8.359524392468829035e+01,2.000000000000000000e+00
-1.498046436564579835e+02,1.720862556273399946e+02,3.000000000000000000e+00
-8.914093107121628634e+01,4.730225907108187755e+01,1.000000000000000000e+00
1.115732065017474213e+02,-1.122176124736859038e+01,2.000000000000000000e+00
-1.571373545643737657e+02,1.661248423236708334e+02,1.000000000000000000e+00
1.115482052638556709e+00,7.189891006797213890e+01,2.000000000000000000e+00
1.265789291405153136e+02,-2.538689745572845524e+01,1.000000000000000000e+00
-8.024775739017850640e+01,1.342690323042053535e+02,4.000000000000000000e+00
-1.543414867598413309e+02,-8.287504190285631012e+01,4.000000000000000000e+00
1.208441073607733784e+01,-1.532487599439628525e+02,2.000000000000000000e+00
-9.573414984905539882e+01,1.789673554607530548e+02,2.000000000000000000e+00
1.551068968044747010e+02,-1.473149208696796109e+02,0.000000000000000000e+00
-1.128764241883874746e+02,1.518864488116601024e+02,2.000000000000000000e+00
3.306141519070146018e+01,-2.158255762697529612e+00,3.000000000000000000e+00
5.388006034857831850e+01,1.296585000663457095e+02,1.000000000000000000e+00
1.344923492646565855e+01,-4.454511399946072459e+01,3.000000000000000000e+00
3.025138307317052266e+01,-8.251239300170456659e+01,1.000000000000000000e+00
-1.538482377804030250e+02,9.286040989498754072e+01,3.000000000000000000e+00
-1.700182193500951087e+02,5.865478478037364773e+00,1.000000000000000000e+00
3.051219914196824590e+01,-1.514993871082680528e+02,3.000000000000000000e+00
1.304896754041697875e+02,-1.286096348514220438e+02,3.000000000000000000e+00
-9.596015663969781428e+01,3.588174555911214014e+01,1.000000000000000000e+00
-6.174240832920021660e+01,1.029682004748775626e+02,1.000000000000000000e+00
-1.539951835415788040e+01,1.432009205460140890e+02,2.000000000000000000e+00
9.034987241609977104e+01,-5.028140236076217207e+01,4.000000000000000000e+00
-1.631402409404227569e+02,1.354020837284391803e+02,0.000000000000000000e+00
-1.210280383123535586e+02,7.378227207788781072e+01,2.000000000000000000e+00
-1.189934119593039981e+02,1.043137373908427037e+02,4.000000000000000000e+00
8.347660567926352826e+01,-2.428335309340868164e+01,0.000000000000000000e+00
1.539208115161613932e+02,-8.718011796041474781e+01,1.000000000000000000e+00
-1.586004876520598543e+02,1.080244637825078939e+02,0.000000000000000000e+00
9.833335251050698389e+01,-4.223877606850047073e+01,3.000000000000000000e+00
-1.193630702251911373e+02,-3.651782216295445949e+01,4.000000000000000000e+00
7.652467408741833310e+01,1.502986600846003995e+01,3.000000000000000000e+00
1.194666602717331187e+02,-1.147457472620155414e+02,4.000000000000000000e+00
-1.121428068728363172e+02,1.119673917277264792e+02,3.000000000000000000e+00
-9.566293986405754879e+01,-1.664313922902418028e+02,1.000000000000000000e+00
-8.090928352042269012e+01,-3.006351451371677896e+01,3.000000000000000000e+00
-4.851932250432975380e+00,4.940735462818059887e+01,0.000000000000000000e+00
-8.621121077583509873e+01,1.526284480837052229e+02,3.000000000000000000e+00
-8.034607526027879487e+01,-5.678340643203856075e+01,2.000000000000000000e+00
1.121152072389127881e+02,7.166384177542741440e+01,4.000000000000000000e+00
1.129405561470279622e+02,5.013013802769614813e+01,3.000000000000000000e+00
3.431749163755270615e+01,-7.149977934146673419e+01,2.000000000000000000e+00
1.277351189425267535e+02,1.631263972805096500e+02,0.000000000000000000e+00
-1.599871560636779293e+02,3.577838807761546036e+01,4.000000000000000000e+00
1.620138050934270382e+02,3.274359894571494323e+01,4.000000000000000000e+00
-1.025728901234090884e-01,1.796634080975439360e+02,3.000000000000000000e+00
-2.439925680485095683e+01,1.749709138746207771e+01,3.000000000000000000e+00
-5.259708714718479428e+01,1.422192848424248268e+02,4.000000000000000000e+00
-7.298162158254837095e+01,-1.731114805177498965e+02,4.000000000000000000e+00
1.647907213873427850e+02,-3.235126047190023257e+01,1.000000000000000000e+00
-6.019952544455539822e+01,-1.787072748066692895e+02,0.000000000000000000e+00
-1.462023871874364431e+02,1.261369123513973136e+02,2.000000000000000000e+00
6.418774491907026913e+01,-8.100893503686037889e+01,3.000000000000000000e+00
-1.338397701595199578e+02,8.150584318647342741e+01,3.000000000000000000e+00
-2.090875688923009434e+01,1.046220568253999375e+02,3.000000000000000000e+00
-1.781073013490539836e+02,6.478245752392388113e+01,2.000000000000000000e+00
-5.123738727949324812e+01,1.501569960056568398e+01,1.000000000000000000e+00
5.018737377521142662e+01,2.911635270735605729e+01,4.000000000000000000e+00
-9.520403160028834577e+01,-3.946813254273635607e+01,4.000000000000000000e+00
1.235210856246395537e+02,-4.048409906926521984e+01,2.000000000000000000e+00
-7.702879365306844761e+01,1.650390661670968768e+02,2.000000000000000000e+00
-1.295774037301640647e+01,7.862916710134985010e+01,2.000000000000000000e+00
-1.309012327617740539e+02,-9.722149164375481689e+01,2.000000000000000000e+00
1.826861391234888998e+01,-1.651080790449811673e+02,2.000000000000000000e+00
-1.263767234737771474e+02,-8.893271684968787838e+00,1.000000000000000000e+00
7.806398045061123980e+01,-9.477444627909622454e+01,2.000000000000000000e+00
-1.683061564264747005e+02,5.095362268105095183e+01,3.000000000000000000e+00
-9.961299337104324536e+01,1.437357646600040653e+02,4.000000000000000000e+00
-1.261801318256564457e+02,-4.575427957208430740e+01,0.000000000000000000e+00
7.907506238219050942e+01,-1.378844425459758440e+02,0.000000000000000000e+00
-2.355658690001159528e+01,1.171798389540281349e+01,1.000000000000000000e+00
-9.049379280173577911e+01,1.559818962867215220e+01,0.000000000000000000e+00
-1.559232080417660313e+02,1.509321954208762584e+01,2.000000000000000000e+00
-1.699966380616104686e+02,7.314069246859919815e+01,3.000000000000000000e+00
-4.558130658930067369e+01,-8.030860575991212613e+01,1.000000000000000000e+00
8.395822353931976068e+01,1.712540031265658627e+02,1.000000000000000000e+00
5.653393163527997700e+01,-3.620098447260318153e+00,0.000000000000000000e+00
-1.503716826296332272e+02,8.778319025147459342e+01,2.000000000000000000e+00
-3.605827690066992375e+01,7.836899458102443816e+01,3.000000000000000000e+00
-1.108483968180427937e+01,-1.445580966420542381e+02,4.000000000000000000e+00
3.994509913376145960e+01,-1.648321222594923938e+02,2.000000000000000000e+00
2.883081965879593866e+01,-4.863377409579232591e+01,1.000000000000000000e+00
-4.129234421856925508e+01,-1.504186577519302546e+02,0.000000000000000000e+00
-1.427943602725344761e+02,-2.286229195794934910e+01,0.000000000000000000e+00
-1.569460525476363841e+02,1.476385922742624928e+02,0.000000000000000000e+00
-1.142320519880063330e+02,6.267349380235763334e+01,3.000000000000000000e+00
-1.290516711158878138e+02,-9.353487541930277871e+01,3.000000000000000000e+00
6.534796613894825157e+01,1.629826816910661762e+02,3.000000000000000000e+00
4.544699067450611096e+01,-1.706750471921110943e+02,2.000000000000000000e+00
5.382579639275324723e+01,1.237454815983364966e+02,1.000000000000000000e+00
6.458464257735808189e+01,-1.668423827104786312e+02,1.000000000000000000e+00
-8.826503365007542357e+01,1.616845908123493132e+02,1.000000000000000000e+00
9.089514578724570981e+01,8.133986753519889135e+01,4.000000000000000000e+00
-1.681792661654411347e+01,-9.720685558419145877e+01,1.000000000000000000e+00
-4.862457898139383161e+01,7.806664683199169019e+01,3.000000000000000000e+00
-9.475873766266079201e+01,-6.291085341064761849e+01,1.000000000000000000e+00
-3.694752200162540845e+01,-1.692863862774432278e+02,2.000000000000000000e+00
-1.313678914519211389e+02,-1.192562419532738716e+02,2.000000000000000000e+00
-1.647219831277627833e+01,7.282063733754129942e+01,2.000000000000000000e+00
-1.208013512255226090e+02,5.834141441841369158e+01,2.000000000000000000e+00
4.165914313219003517e+00,6.920064678384179047e+01,4.000000000000000000e+00
-1.625781017819497265e+02,1.041251903493187996e+02,4.000000000000000000e+00
7.128013251973652764e+00,1.625091043327267357e+02,0.000000000000000000e+00
8.404569587656321517e+01,-1.702586501465135029e+02,1.000000000000000000e+00
-3.595554449715382361e+01,-1.398415231754712522e+02,1.000000000000000000e+00
7.615232303810850567e+01,9.766981458405724936e+01,4.000000000000000000e+00
2.573883442111155517e+01,2.870947813849062946e+00,3.000000000000000000e+00
1.687143212236096019e+02,7.633151076840387361e+01,1.000000000000000000e+00
-1.207850948477921804e+02,1.074276103030755820e+02,0.000000000000000000e+00
1.482599946764900380e+02,3.536628309174923857e+01,3.000000000000000000e+00
5.806939969965689841e+00,-9.466216324014548888e+01,3.000000000000000000e+00
7.341758337216600694e+01,1.664628527259171449e+02,0.000000000000000000e+00
9.064202373281683833e+01,-8.999799359249497854e+01,2.000000000000000000e+00
1.619483327585293466e+02,4.796828704061853443e+01,4.000000000000000000e+00
1.010087127504389599e+02,1.348046787087546363e+02,4.000000000000000000e+00
-1.780176279370905945e+02,-1.622418190542259708e+02,4.000000000000000000e+00
-1.148989162116832432e+02,-1.244333739559613150e+02,1.000000000000000000e+00
1.628728671216469479e+02,-1.262031207799981303e+02,3.000000000000000000e+00
-2.994012281122980568e+01,-1.584687646799191612e+02,0.000000000000000000e+00
-4.768923692822842497e+01,-6.782853616958959719e+01,2.000000000000000000e+00
1.545637601548066868e+02,-1.147980774805719903e+02,4.000000000000000000e+00
-1.139410197012716282e+02,-1.646201061545416735e+02,0.000000000000000000e+00
-9.505936887511490241e+00,1.285552662641777317e+02,2.000000000000000000e+00
-1.059804339686810337e+01,-7.589783810123282848e+00,1.000000000000000000e+00
1.644179663902415882e+02,6.616744127684896171e+01,4.000000000000000000e+00
2.106655903088689996e+00,1.501441194566226045e+01,3.000000000000000000e+00
-1.509521127287240745e+02,1.695054529137930217e+02,4.000000000000000000e+00
-8.236084281641069538e+01,-3.258897686488424483e+01,3.000000000000000000e+00
-1.075329619590604011e+02,1.251756164136948684e+02,1.000000000000000000e+00
1.396889314349362365e+01,1.052506130935079511e+02,3.000000000000000000e+00
4.814992020852082533e+01,-8.965696288180323847e+01,1.000000000000000000e+00
-1.012073193646207159e+01,-5.451451689982955706e+00,2.000000000000000000e+00
-1.766977752004550553e+02,-1.348587310987901446e+02,0.000000000000000000e+00
-3.763772255212689544e+01,6.230200075581261387e+01,2.000000000000000000e+00
-1.603768082043457355e+01,1.409718259294625398e+02,3.000000000000000000e+00
4.574989307789526549e+01,1.658158106480263712e+02,2.000000000000000000e+00
4.352234570620701071e+00,1.640781348850901793e+02,1.000000000000000000e+00
7.353033859477434930e+01,1.659133591831331955e+02,2.000000000000000000e+00
1.499082384128153933e+02,-1.615317110054812417e+02,4.000000000000000000e+00
2.867048682510500157e+01,8.094906912516668740e+01,0.000000000000000000e+00
-9.212307619702781381e+01,-1.599430929859081232e+02,4.000000000000000000e+00
-1.644609981219645078e+02,1.748732156378877676e+02,3.000000000000000000e+00
-1.729501180507067559e+01,-6.677473961952122750e+01,3.000000000000000000e+00
1.643170596262494314e+02,-5.022145499066517260e+01,0.000000000000000000e+00
4.855596644644626281e+01,1.722319356533829477e+02,1.000000000000000000e+00
1.571729346318898877e+02,-1.040315840346400051e+02,0.000000000000000000e+00
7.179232924714085584e+01,2.362109508058903273e+01,3.000000000000000000e+00
-1.180859587045343773e+01,9.684655801553410015e+01,1.000000000000000000e+00
-4.134894434861244150e+01,2.674871388814608864e+01,1.000000000000000000e+00
-1.295617362633177265e+02,1.111041525022410070e+02,1.000000000000000000e+00
1.770707126629263541e+02,-1.416918964889522670e+02,0.000000000000000000e+00
4.942605767064360123e+01,-1.720614521680246582e+02,4.000000000000000000e+00
-3.702335993042260576e+00,-7.223379509542668586e+01,0.000000000000000000e+00
-1.683443752030725875e+02,-1.361775588897854163e+02,2.000000000000000000e+00
1.344227656682964955e+01,8.281647662472123272e+01,4.000000000000000000e+00
-7.270581178416937007e+01,-1.198631680880515518e+02,2.000000000000000000e+00
-9.936617907449691245e+01,-3.974560596784604627e+01,0.000000000000000000e+00
1.085035567758532551e+02,9.272051325252056131e+01,0.000000000000000000e+00
-8.323151950521015863e+00,-1.023058721094845112e+02,4.000000000000000000e+00
4.478757480156131265e+01,-8.180195581230063340e+01,3.000000000000000000e+00
3.620504343409773185e+01,-1.174339154784160542e+02,3.000000000000000000e+00
1.665840852522059663e+02,-1.012266975353158642e+02,0.000000000000000000e+00
-6.095031817947386088e+01,-2.946374687842947537e+00,4.000000000000000000e+00
2.081750485465052947e+01,-1.065101936263261848e+02,2.000000000000000000e+00
3.791760009197439274e+01,1.502249872860467690e+02,2.000000000000000000e+00
-1.536160066042748156e+02,7.949341449786358282e+01,0.000000000000000000e+00
-1.157666567721264528e+02,-9.661262953211075910e+01,1.000000000000000000e+00
7.766825372286137963e+01,-1.098601295683867960e+02,0.000000000000000000e+00
-6.002749677254470129e+01,-6.970411121245513186e+01,4.000000000000000000e+00
-1.615554269211038161e+02,3.895689629636434148e+01,2.000000000000000000e+00
8.024572626407427833e+01,1.120687563500538744e+02,3.000000000000000000e+00
1.707995455062284123e+02,6.638164869364821641e+01,1.000000000000000000e+00
-1.779878385608302267e+02,2.042660095450667868e+01,0.000000000000000000e+00
1.160469317325554357e+02,3.854183048202300199e+01,1.000000000000000000e+00
-4.776152409974074864e+00,1.728981979616319222e+02,0.000000000000000000e+00
1.421007100190398660e+02,-1.485254061842592250e+02,1.000000000000000000e+00
-2.899980976829982637e+01,2.440302246593726920e+01,4.000000000000000000e+00
-6.937715882142440194e+01,-1.610303304701789955e+02,4.000000000000000000e+00
2.484313975171808053e+01,-7.293950199874835505e+01,1.000000000000000000e+00
-2.586768611892438940e+01,-1.570856852144606535e+02,1.000000000000000000e+00
9.049135943888835243e+01,7.222802424652314812e+00,0.000000000000000000e+00
1.318994202247061764e+02,1.425498293027404486e+02,4.000000000000000000e+00
-3.664881254491886864e+01,1.483445197958588437e+02,1.000000000000000000e+00
-7.562972248431610467e+01,-8.088723017674379889e+01,1.000000000000000000e+00
1.751959285163497384e+02,-2.479921772710254047e+00,0.000000000000000000e+00
1.304239590675193483e+02,-9.371246481786981164e+00,3.000000000000000000e+00
6.255384365658284196e+01,4.236135627394951797e+01,1.000000000000000000e+00
1.492240685977046866e+01,8.317116043527452973e+01,0.000000000000000000e+00
-2.153501897609061189e+01,-9.029823701092587385e+01,4.000000000000000000e+00
1.414123335554876633e+02,-6.634604857400061562e+00,1.000000000000000000e+00
3.466172662645086433e+01,8.324919796919022019e+01,1.000000000000000000e+00
-1.301135335957739585e+02,-1.616637966360846335e+01,2.000000000000000000e+00
1.345018239731446954e+02,-1.512064059027954670e+02,2.000000000000000000e+00
-2.187308253189121032e+01,-1.080603919819468359e+02,1.000000000000000000e+00
-1.040525908572529445e+01,-9.056530650342307354e+01,0.000000000000000000e+00
-8.787323986545735011e+01,1.265605732967396619e+02,0.000000000000000000e+00
-6.022076310492047924e+01,1.161679593855370172e+02,2.000000000000000000e+00
7.672439473407047217e+01,-1.147806843080835506e+02,3.000000000000000000e+00
-3.085571049945508904e+01,-3.832015358512074243e+01,3.000000000000000000e+00
1.101161450010393423e+02,1.283189849245146945e+02,0.000000000000000000e+00
1.628537851134699395e+02,1.541406111673034047e+02,4.000000000000000000e+00
-2.490304915819518961e+00,-1.603874359002666949e+02,4.000000000000000000e+00
-6.515538058193979509e+01,9.275337365721449956e+00,2.000000000000000000e+00
-1.293890189984678045e+02,1.092669740133825513e+02,0.000000000000000000e+00
6.045687395844399070e+00,1.537768117141877156e+02,0.000000000000000000e+00
-1.543599408984396462e+02,-5.622959819677465987e+01,1.000000000000000000e+00
-6.363067829819479826e+00,-2.388324679827040598e+01,2.000000000000000000e+00
-7.751945794160576497e+01,4.059597852440354160e+01,3.000000000000000000e+00
-3.323396385142580556e+01,-1.318621418082582011e+02,1.000000000000000000e+00
-1.477518067607290959e+02,9.901309678278391857e+01,2.000000000000000000e+00
-1.843916275181351949e+01,-1.575568998161769230e+02,0.000000000000000000e+00
8.300992619722835286e+01,-1.035424789541955803e+01,0.000000000000000000e+00
-2.789708239487011099e+01,-6.006783495282566321e+01,4.000000000000000000e+00
-4.275993329824251532e+01,1.322763978696982008e+02,0.000000000000000000e+00
9.115865479892011081e+01,1.533120767297841383e+02,4.000000000000000000e+00
-1.337404575410891994e+02,-1.009517290096006832e+02,2.000000000000000000e+00
-1.105188655222434022e+02,1.065815113656456958e+02,2.000000000000000000e+00
-5.831775366197589960e+01,-7.943595993971229063e+01,2.000000000000000000e+00
-3.504637059213931138e+01,-1.824757265628023006e+01,2.000000000000000000e+00
-1.160421789612928478e+02,-6.342370251306155282e+00,1.000000000000000000e+00
-1.656393008451997844e+02,3.806749471496353721e+01,1.000000000000000000e+00
-2.221566768915801404e+00,5.128668498051788305e+01,4.000000000000000000e+00
-1.762512396366782070e+02,6.758259673882577090e+01,3.000000000000000000e+00
-8.465497434068236515e-01,-1.527963652511976136e+02,0.000000000000000000e+00
7.926246724250896136e+01,-1.027430404414712797e+02,1.000000000000000000e+00
4.649640919312079745e+01,1.214321039352341813e+00,2.000000000000000000e+00
1.375706621065232582e+02,2.415574902163344717e+01,1.000000000000000000e+00
-1.357609669273660700e+02,-7.746125455815182193e+01,1.000000000000000000e+00
-7.005947234783934618e+01,-3.665685279915546602e+01,4.000000000000000000e+00
-2.884942252547435615e+01,1.172046090547662622e+00,3.000000000000000000e+00
9.536405743640615640e+01,-7.603414274130096828e+01,4.000000000000000000e+00
4.393156940210601391e+01,-1.671685293613352030e+01,0.000000000000000000e+00
-6.804812958772782849e+01,-1.733513203384354711e+02,4.000000000000000000e+00
-5.364310902114234381e+01,-4.420125791208668886e+01,2.000000000000000000e+00
-1.270168307285599525e+02,-1.413238271028618271e+02,3.000000000000000000e+00
-3.465226169800578049e+01,5.421031921243287144e+01,4.000000000000000000e+00
-4.873641382104472797e+01,-1.272948482320486363e+02,0.000000000000000000e+00
1.100276652597597433e+02,-5.624296497054769617e+01,4.000000000000000000e+00
-1.769527441575656610e+02,1.301639560787588437e+02,1.000000000000000000e+00
-1.284761134352482088e+02,-1.169102454547740138e+02,3.000000000000000000e+00
9.908746569411744076e+01,2.126343705027601771e+01,1.000000000000000000e+00
1.032675297470329383e+02,1.493530155852672294e+02,2.000000000000000000e+00
-8.264225630818579305e+01,-1.729353628626357704e+02,4.000000000000000000e+00
-5.045393616792797076e+00,6.522456805783448885e+01,4.000000000000000000e+00
1.910233062520309488e+01,1.404448487314907084e+02,2.000000000000000000e+00
7.362190266788086035e+01,-4.433719228166820159e+01,4.000000000000000000e+00
-1.511611167087418153e+02,4.497774833650905180e+01,0.000000000000000000e+00
8.406967828181622338e+01,1.316848782271351936e+01,2.000000000000000000e+00
-1.843087751524730322e+01,1.095846048274810585e+02,4.000000000000000000e+00
8.182060624219776912e+01,1.588024059652701396e+02,1.000000000000000000e+00
1.403635734521460847e+02,-1.485360155084296423e+02,4.000000000000000000e+00
-1.693844351241766333e+02,1.351519060797633287e+01,1.000000000000000000e+00
1.480750995936785586e+01,8.390354946634825239e+01,3.000000000000000000e+00
-8.405129378312942379e+01,-4.659499023887298819e+01,3.000000000000000000e+00
1.526531615605521210e+02,-1.275408574807360651e+02,1.000000000000000000e+00
-1.228698913943229059e+02,1.770345597329269083e+02,3.000000000000000000e+00
1.034628523217159852e+02,1.251421101176011206e+02,1.000000000000000000e+00
-1.544335477483516854e+02,-1.031975469267550096e+02,3.000000000000000000e+00
1.376697687324003141e+02,7.791342266798127980e+01,1.000000000000000000e+00
-1.168294726062454458e+02,-7.492586187855960134e+01,1.000000000000000000e+00
-5.692055575878818274e+01,-7.250267499325704357e+00,1.000000000000000000e+00
-6.419084518395967720e+00,-1.568520601699895565e+02,1.000000000000000000e+00
-5.747975489144948824e+01,-9.969074867772486925e+01,3.000000000000000000e+00
-8.306376499854447104e+01,-1.480840978027179631e+02,4.000000000000000000e+00
1.550623662532740070e+02,-1.562447443763006447e+02,1.000000000000000000e+00
-5.388965572372963209e+01,1.489453003609346240e+02,3.000000000000000000e+00
1.652005187001194884e+02,-1.168270333280885325e+02,0.000000000000000000e+00
-1.456521306708098109e+02,6.828825399313393518e+01,1.000000000000000000e+00
6.725872001731190153e+01,1.364940942066505158e+02,4.000000000000000000e+00
1.175309671168082559e+02,-2.558767562322704237e+01,0.000000000000000000e+00
7.947347551156674683e+01,-1.060443703831627289e+02,3.000000000000000000e+00
-1.369313305537137815e+01,-1.004861071328824806e+02,3.000000000000000000e+00
5.674840320279277961e+01,-7.057414553277966718e+01,3.000000000000000000e+00
-1.337231183376056265e+02,-1.222590099095846909e+02,0.000000000000000000e+00
-1.393291268701024421e+02,7.970678121462778165e+01,0.000000000000000000e+00
1.300925144189287153e+02,1.383931489269646420e+02,3.000000000000000000e+00
8.608644099564210705e+01,2.771053579611955087e+00,4.000000000000000000e+00
-4.496030426204085728e+01,-3.010238788850487879e+01,4.000000000000000000e+00
1.522405762860252878e+02,-1.283522531124849877e+02,3.000000000000000000e+00
2.410710424419365339e+01,1.545474840736330293e+02,0.000000000000000000e+00
2.885325575028987899e+01,-1.100024836486159359e+02,2.000000000000000000e+00
-4.498061680737041002e+01,1.393128974195983005e+02,2.000000000000000000e+00
-3.500114340721290773e+01,-5.777896727484575479e+01,1.000000000000000000e+00
1.372683168813665020e+02,9.528082159497635928e+00,4.000000000000000000e+00
1.371515126129492046e+02,1.343833182410911036e+02,1.000000000000000000e+00
-1.618468118094591546e+02,9.872600325119624642e+01,4.000000000000000000e+00
5.126334144578087404e+01,1.593230283114697698e+01,4.000000000000000000e+00
4.712467384443881357e+00,-9.827277600156739368e+01,4.000000000000000000e+00
1.249104475255513051e+02,-1.148873230077526699e+02,3.000000000000000000e+00
-3.136319243441803195e+01,3.619261819692114557e+01,3.000000000000000000e+00
1.437277158446181886e+02,-2.145540368905153628e+01,4.000000000000000000e+00
1.128332104860745488e+02,-5.134094756920399050e+01,3.000000000000000000e+00
1.572687633310824538e+02,-2.495167424109270726e+01,2.000000000000000000e+00
-9.923927028875203860e+01,1.698079987348147313e+02,0.000000000000000000e+00
2.933642417151433079e+01,1.269666673289645331e+01,0.000000000000000000e+00
-1.392024466503775670e+02,-1.127584556195486982e+02,3.000000000000000000e+00
-1.319460265763342761e+02,1.355727655898969033e+02,0.000000000000000000e+00
-1.445826360387784177e+02,-1.583762104027044870e+02,1.000000000000000000e+00
-1.157250665852247948e+02,-6.044828463720752865e+01,0.000000000000000000e+00
-2.761334743212555054e+01,-1.283503193671590452e+02,2.000000000000000000e+00
-1.596496756904699339e+02,-1.696683118920234179e+01,0.000000000000000000e+00
1.788770596118726814e+02,3.551202750634723238e+00,3.000000000000000000e+00
-1.569822920827639336e+02,-1.377713301902103069e+02,4.000000000000000000e+00
-3.871962841887651763e+01,2.383541475317084135e+01,2.000000000000000000e+00
-1.438272477801518221e+02,1.105169054356732232e+02,2.000000000000000000e+00
-1.357349784478376762e+02,1.029552853401348926e+02,1.000000000000000000e+00
9.199582338122954894e+00,7.867608242983234845e+01,0.000000000000000000e+00
1.161943940820401338e+02,1.186387335474283589e+02,2.000000000000000000e+00
1.766273210514552261e+02,1.441430031193693821e+02,4.000000000000000000e+00
9.504867177201263928e+01,-1.460575363544081142e+02,4.000000000000000000e+00
-9.007709353259109264e+01,-6.178420059385245366e+01,3.000000000000000000e+00
9.074414403341403101e+01,-1.175235349321049796e+02,2.000000000000000000e+00
1.285385428740603686e+02,-9.172817046756347281e+01,4.000000000000000000e+00
-1.320345312742416866e+02,-6.615019179887033829e+01,1.000000000000000000e+00
-1.247061178970235318e+02,1.348810732181669607e+02,1.000000000000000000e+00
1.433560642666875253e+02,-1.780899683490918335e+02,3.000000000000000000e+00
1.223782785330545835e+02,1.728710489780167734e+02,3.000000000000000000e+00
1.172595215637230126e+01,-7.085727225029927467e+00,0.000000000000000000e+00
-3.849719025955795360e+01,7.492192014097450681e+01,3.000000000000000000e+00
-1.789148616368034936e+02,-7.340006372317213845e+01,3.000000000000000000e+00
6.832664476281938448e+01,7.643090644716679094e+01,4.000000000000000000e+00
-9.464877423732488637e+01,1.707906577447632301e+01,1.000000000000000000e+00
-1.364770653682947454e+02,3.702203717244773173e+01,3.000000000000000000e+00
2.903899444884226000e+01,4.039960280534763370e+01,1.000000000000000000e+00
-1.688922005461413960e+02,-8.792052618441351797e+01,1.000000000000000000e+00
-1.795463490853146382e+01,1.503925699685263737e+02,4.000000000000000000e+00
-7.008645262551054600e+01,-1.235122102890897793e+02,0.000000000000000000e+00
1.105367976273376627e+02,-1.612097557980196143e+02,4.000000000000000000e+00
-1.599804232675061542e+02,3.136869451846356327e+01,0.000000000000000000e+00
-6.448684907904383579e+01,8.807932109434304380e+01,0.000000000000000000e+00
-9.653535003660466884e+01,2.847552445199596605e+01,2.000000000000000000e+00
-8.136967856393617637e+01,1.336437645323004908e+01,3.000000000000000000e+00
-1.189448180141973097e+02,-1.669328937617386259e+02,4.000000000000000000e+00
-1.680241927562110220e+02,-1.105189447981791773e+02,2.000000000000000000e+00
8.159868426261400032e+01,-7.061571174050899913e+01,3.000000000000000000e+00
1.625541816189219162e+02,9.017654744298721425e+01,0.000000000000000000e+00
-1.587325528213698362e+02,-1.419085107627441573e+02,4.000000000000000000e+00
6.578651578865495253e+01,-6.387867746311214034e+01,4.000000000000000000e+00
1.312917649408055922e+02,-5.306936342887981084e+01,2.000000000000000000e+00
5.797274029295046915e+01,1.513675402052148229e+02,0.000000000000000000e+00
-1.707310123375451738e+01,-1.728072773687981680e+02,1.000000000000000000e+00
1.621296132500962983e+02,-3.805807244210184237e+00,3.000000000000000000e+00
2.679501053264051791e+01,-6.186247356429129240e+01,1.000000000000000000e+00
4.083939139598597734e+01,-1.406708550744968136e+02,0.000000000000000000e+00
-3.592670422917176154e+01,4.699836325460857012e+01,0.000000000000000000e+00
4.147693920211849417e+01,1.542328961518261110e+02,3.000000000000000000e+00
-1.202197490752324853e+02,1.476688084210305476e+02,2.000000000000000000e+00
4.232595341645452436e+01,-3.649522195893802490e+01,2.000000000000000000e+00
-1.073463868759834483e+01,1.348203052843058458e+02,1.000000000000000000e+00
1.642325984564712371e+02,-1.668236216984879263e+02,0.000000000000000000e+00
-8.297100484123080832e+01,5.677050933939127475e+01,1.000000000000000000e+00
5.118529920190056970e+01,9.826029961629453169e+01,4.000000000000000000e+00
5.974674613279015034e+01,-3.067629506472078305e+01,1.000000000000000000e+00
-3.613727982762600099e+00,1.375020493853035646e+02,0.000000000000000000e+00
-1.060103449875895478e+02,-3.882303373020673121e+01,1.000000000000000000e+00
6.490204568350450565e+00,-6.223156433878947524e+01,1.000000000000000000e+00
-3.405406240329811851e+01,4.812559111293776937e+01,3.000000000000000000e+00
1.051928987215544566e+02,5.619569377853682113e+01,0.000000000000000000e+00
-1.344022459996379837e+02,3.667229332474369130e+01,0.000000000000000000e+00
-7.155726292022187351e+01,1.758638790421235001e+02,1.000000000000000000e+00
1.298099709331245322e+02,6.433235792594635427e+01,4.000000000000000000e+00
7.024058569322544088e+01,-1.718013647710118903e+02,2.000000000000000000e+00
-1.616989676879903755e+02,-1.797555089172879832e+02,1.000000000000000000e+00
5.195566245498091007e+01,-1.388833635828308104e+02,0.000000000000000000e+00
-1.549685418407767656e+02,-1.206938210453591722e+02,1.000000000000000000e+00
3.876875582430192679e+01,4.541193986275691685e+01,1.000000000000000000e+00
1.326676492969108949e+02,1.123349477398577108e+02,2.000000000000000000e+00
-5.884613791624963852e+01,2.327350388122928848e+01,4.000000000000000000e+00
8.083960358315447081e+01,-1.511322701853074477e+02,0.000000000000000000e+00
-6.618625898498405036e+01,-1.338268647065136463e+02,0.000000000000000000e+00
5.434384339736352842e+01,-3.993918474949080633e+01,3.000000000000000000e+00
-1.459716167052794944e+01,-9.516929438085281845e+01,0.000000000000000000e+00
1.853748692125005704e+00,4.428201032410558469e+01,2.000000000000000000e+00
1.615625953884149908e+02,-1.588873666464736232e+02,3.000000000000000000e+00
1.989630173182609241e+01,4.321803785686068267e+01,3.000000000000000000e+00
-7.263634097574171733e+01,8.855481931620160196e+01,3.000000000000000000e+00
1.151838422760952696e+01,-9.668587774868232998e+01,2.000000000000000000e+00
1.706534592751794719e+02,1.233011524287172307e+02,2.000000000000000000e+00
1.561461356195651433e+02,-1.183395772935268724e+02,1.000000000000000000e+00
-1.101522945155292064e+02,-1.546752569622611873e+02,2.000000000000000000e+00
-1.007986742736681407e+02,-1.733154600178064868e+02,0.000000000000000000e+00
-1.830010491580802423e+00,1.508809870025593511e+02,4.000000000000000000e+00
9.762464908455153534e+01,1.448411738867236238e+02,2.000000000000000000e+00
-1.558184723132831664e+02,-1.040788442921190722e+02,1.000000000000000000e+00
1.398046771181741121e+02,1.794243128656747501e+02,1.000000000000000000e+00
-1.069436076206399662e+02,-1.251225444773207442e+02,3.000000000000000000e+00
-7.558336588226760000e+01,-1.143906407735612873e+02,3.000000000000000000e+00
3.752391969387251436e+01,-1.323993520689693923e+02,2.000000000000000000e+00
-1.095391105798182423e+02,2.507495660608837795e+01,1.000000000000000000e+00
-7.510281193231978136e+01,6.448543479166445991e+01,0.000000000000000000e+00
6.267474306828254527e+01,-1.448229213702068421e+02,4.000000000000000000e+00
2.349226749531024439e+01,-3.446301396716098253e+01,2.000000000000000000e+00
8.222721549282974252e+01,-1.368319651068962912e+02,4.000000000000000000e+00
-1.506540219311607700e+02,-1.402832246478993738e+02,2.000000000000000000e+00
9.883282040143285485e+01,-2.542090341866258285e+01,1.000000000000000000e+00
-1.683099474349662614e+02,-1.289400148813089686e+02,1.000000000000000000e+00
3.955055473471399097e+01,-1.535684505016593278e+02,4.000000000000000000e+00
-4.090178621957520733e+01,-6.650407407803444926e+01,0.000000000000000000e+00
-8.527531217603579705e+01,-5.712617972700526536e+01,3.000000000000000000e+00
8.916793514527883247e+01,-3.903500263725406683e+01,2.000000000000000000e+00
8.701880071335678224e+01,-5.833849965104922575e+01,0.000000000000000000e+00
1.011780682051728348e+02,-8.889708712494937970e+01,0.000000000000000000e+00
-4.560411703549413431e+01,1.625458814601216773e+02,0.000000000000000000e+00
1.578704824473207111e+02,2.216161171280198872e+01,4.000000000000000000e+00
4.020737768468922013e+01,-1.034088378815811922e+02,1.000000000000000000e+00
6.028330090988733048e+01,7.783789069021264595e+01,4.000000000000000000e+00
1.590863358577834958e+02,-1.278554701981890673e+01,4.000000000000000000e+00
1.351611402054102484e+02,-1.388536426246205053e+02,1.000000000000000000e+00
8.305790595525134279e+01,-1.447182353315693888e+02,1.000000000000000000e+00
-5.294321648674808500e+01,1.139902235269655506e+02,3.000000000000000000e+00
-7.750216528686613060e+01,6.739927691890386541e+01,3.000000000000000000e+00
2.398812531762115441e+01,1.417824426378214753e+02,2.000000000000000000e+00
-3.211815293664768944e+01,7.804776914559256795e+01,0.000000000000000000e+00
-1.241462208852008899e+02,1.335510671726899830e+02,2.000000000000000000e+00
-1.240295419009842419e+02,-8.597741920418654615e+01,4.000000000000000000e+00
9.034607906490457196e+01,9.021613126760168200e+01,4.000000000000000000e+00
-1.115444767245013225e+02,1.114444378955686830e+02,4.000000000000000000e+00
-1.387779211819921699e+00,2.441805810919119324e+01,3.000000000000000000e+00
1.429404191677598703e+02,-9.749695040942623336e+01,0.000000000000000000e+00
1.363320942935530127e+02,-1.417061601809104232e+00,0.000000000000000000e+00
5.171900539731348800e+01,1.146317749882678498e+02,4.000000000000000000e+00
-1.090598655458752546e+02,7.948144984648892830e+01,3.000000000000000000e+00
-1.742908947127343424e+02,1.250324046756834520e+02,3.000000000000000000e+00
-1.503374845431617928e+02,-1.516897872481339959e+02,0.000000000000000000e+00
-1.826187176957445502e+01,-1.545764300583698514e+02,3.000000000000000000e+00
-7.805570343320148652e+01,-1.442537847734278671e+02,0.000000000000000000e+00
1.881555307196258653e+01,-1.087050096550706257e+02,1.000000000000000000e+00
1.751987379937170886e+02,-4.967913685673742208e+01,4.000000000000000000e+00
-2.348942518732063434e+01,-5.687013691581802988e+01,4.000000000000000000e+00
5.255831660025684471e+01,7.828260182500432052e+01,1.000000000000000000e+00
1.448027192464465998e+02,-1.192200777863437793e+02,0.000000000000000000e+00
1.791410106013314305e+02,2.564428665845147037e+01,3.000000000000000000e+00
-8.085182199140606940e+01,1.608734982718814024e+02,0.000000000000000000e+00
-7.713660592595279297e+01,7.962428862770019045e+00,4.000000000000000000e+00
6.746002324977033027e+01,-8.798356773330123559e+00,3.000000000000000000e+00
1.377418430089244339e+02,-1.348838052345533356e+02,3.000000000000000000e+00
5.318039875387739102e+01,2.016349093545137094e+01,3.000000000000000000e+00
1.109999285762151260e+02,3.459309318088493512e+01,1.000000000000000000e+00
6.148594545999801397e+01,-1.580285016340965569e+02,3.000000000000000000e+00
-1.393219374362429619e+02,1.187528068978134712e+02,4.000000000000000000e+00
-8.352879873444463499e+01,1.450987101598706772e+02,2.000000000000000000e+00
5.909758865901511626e+01,-1.225358015641291871e+02,0.000000000000000000e+00
1.324168792220721258e+00,4.217490095142761675e+01,0.000000000000000000e+00
-4.030954531129951590e+01,-1.267807095941775231e+02,4.000000000000000000e+00
5.660563781782336434e+01,8.826783103117404039e+01,1.000000000000000000e+00
-7.395712047444474990e+01,-1.310907876442588993e+01,3.000000000000000000e+00
9.255220773357299890e+01,-6.162771895394855193e+01,0.000000000000000000e+00
6.525640399465837405e-01,-1.674373460242670220e+01,0.000000000000000000e+00
-1.570862077262406444e+02,-1.131783448868116722e+02,0.000000000000000000e+00
-3.687523881137784088e+01,1.644935317296960875e+02,3.000000000000000000e+00
-1.470424439056633332e+02,-1.568309348181857104e+02,3.000000000000000000e+00
8.356953938373212054e+01,7.466811055491598381e+01,4.000000000000000000e+00
-6.733871189717035577e+01,5.551296404842609178e+01,1.000000000000000000e+00
1.418151406771465020e+02,-5.296361512406737404e+01,4.000000000000000000e+00
-7.774425476871472540e+01,-6.824998018114104070e+01,2.000000000000000000e+00
9.638501048557706952e+01,-4.415491375004783947e+01,1.000000000000000000e+00
1.659517853764770905e+02,1.485843327781848586e+02,3.000000000000000000e+00
-1.399936133494555577e+02,-6.966752042861025984e+01,0.000000000000000000e+00
-1.319207828932299265e+02,1.147335789508776003e+02,1.000000000000000000e+00
-7.928951610830866059e+01,1.120825176051763776e+02,3.000000000000000000e+00
7.489690727631472811e+00,1.554051932414728583e+02,3.000000000000000000e+00
5.359887151534850069e+00,-1.353467610143450486e+02,2.000000000000000000e+00
-1.720572798232146283e+02,-8.492858390252851564e+01,2.000000000000000000e+00
-1.211988432280811878e+01,1.154908559328059994e+02,3.000000000000000000e+00
-1.627203332013046975e+02,1.562527006862474934e+02,4.000000000000000000e+00
-6.333587613883018008e+01,-1.373984443777938793e+02,0.000000000000000000e+00
-3.440975660888094723e+01,-2.871566508718243682e+01,1.000000000000000000e+00
-1.373989418954868569e+01,1.264347587827373189e+02,1.000000000000000000e+00
-5.411692017560248047e+01,-7.386383758364895868e+01,4.000000000000000000e+00
-9.866636957569926381e+01,-3.010411974023981685e+01,3.000000000000000000e+00
-6.824043700671147406e+01,-4.473933058826985132e+01,4.000000000000000000e+00
1.401127964806159696e+02,-8.423134736212476525e+01,0.000000000000000000e+00
-6.881280230043880408e+01,-9.795403189220625961e+01,0.000000000000000000e+00
-1.771051866586322490e+02,-4.341773879773521116e+01,0.000000000000000000e+00
-1.662877960030851341e+02,-4.351604999847582889e+01,1.000000000000000000e+00
1.082318805119801794e+02,6.884605017044742681e+01,3.000000000000000000e+00
1.747870399803916257e+02,4.192686403843384824e+01,0.000000000000000000e+00
4.675258876233293392e+01,-6.903943394839282632e+01,1.000000000000000000e+00
-2.844162065234998593e+00,4.772685421825899965e+01,2.000000000000000000e+00
1.227392382386447451e+02,-1.245884481325724664e+02,2.000000000000000000e+00
1.505539603709373182e+02,-1.398656553194213359e+01,1.000000000000000000e+00
1.212687894707598524e+01,8.496836251002109464e+01,3.000000000000000000e+00
-1.763242564672762285e+02,9.727922939424955473e+01,1.000000000000000000e+00
2.031869297317861367e+01,-9.024197364324200521e+01,2.000000000000000000e+00
-1.251213590740420472e+02,1.148493329516737163e+02,3.000000000000000000e+00
1.412613827772877926e+02,1.693042717620752455e+02,4.000000000000000000e+00
1.122771438084991615e+02,1.399677551217114910e+02,2.000000000000000000e+00
2.048268875480527740e+01,2.815954215117221793e+01,4.000000000000000000e+00
5.130931182882076769e+01,-6.147650070852174764e+01,3.000000000000000000e+00
7.450326257702819532e+01,4.098372670950902830e+01,3.000000000000000000e+00
-1.576307025230069030e+02,-4.170678438277741407e+01,3.000000000000000000e+00
1.258426693049709684e+02,-3.047490229649092441e+00,3.000000000000000000e+00
1.233104698909258019e+02,-1.370533439663503827e+01,3.000000000000000000e+00
-8.263097628657729388e+01,1.014147069804163692e+02,2.000000000000000000e+00
6.158420316709516129e+01,1.189095512752634534e+02,2.000000000000000000e+00
-1.458106896540206208e+02,6.584841961427078161e+01,2.000000000000000000e+00
4.137494332678699038e+01,-1.737652226303406522e+01,2.000000000000000000e+00
-4.078172252971008049e+01,3.046867658007300861e+01,4.000000000000000000e+00
-1.492115850884463555e+02,-9.892569132081982275e+01,3.000000000000000000e+00
-2.431524049831424250e+01,6.986701627768040623e+01,2.000000000000000000e+00
-1.137533263264772216e+02,-1.105180559735434116e+02,4.000000000000000000e+00
-6.535611930490034638e+01,-5.009945968320836940e+00,4.000000000000000000e+00
-1.303664244296165897e+01,-1.717036782597675142e+02,0.000000000000000000e+00
-1.139468386406051224e+02,-1.418778646901164677e+02,3.000000000000000000e+00
6.957336172316740885e+01,5.099879877956417573e+01,2.000000000000000000e+00
5.416806687854285229e+01,4.473118140159102474e+00,0.000000000000000000e+00
-1.310638475949108397e+02,-6.778533631306227392e+01,0.000000000000000000e+00
-2.360574084767413439e+01,-1.272313837229318523e+02,2.000000000000000000e+00
1.416131844399203317e+02,-1.708377067257950443e+02,4.000000000000000000e+00
5.353225957835738846e+00,3.351399930861294507e+01,1.000000000000000000e+00
-1.518048259330966232e+02,-7.459797560637525748e+01,4.000000000000000000e+00
1.615078883641670870e+02,-3.496943546947846926e+01,0.000000000000000000e+00
1.534337104660353646e+02,1.388969351457114954e+02,2.000000000000000000e+00
-5.799378697240570801e+01,-1.729841588974247486e+02,2.000000000000000000e+00
-9.151485501751862728e+01,1.392260699273578837e+02,0.000000000000000000e+00
-7.254520792097778781e+01,-6.810449883728684028e+01,0.000000000000000000e+00
1.421614069794159150e+02,-1.679741070870708768e+02,4.000000000000000000e+00
-9.215831673006924518e+01,-1.498900544276779954e+02,1.000000000000000000e+00
-1.078603100898212404e+02,-9.501086599690259504e+01,3.000000000000000000e+00
-1.032831786940968044e+02,4.070106331965484969e+01,1.000000000000000000e+00
-1.269053443028042381e+02,1.782387206614103548e+01,4.000000000000000000e+00
-1.589191160682681812e+02,-1.139707196289276823e+02,1.000000000000000000e+00
1.275878299675420493e+02,2.593546838154966849e+01,0.000000000000000000e+00
5.788526344582803063e+01,-1.273500989727119901e+02,3.000000000000000000e+00
3.295337730799070641e+01,-6.765643773237121650e+01,1.000000000000000000e+00
7.107325816755724190e+01,1.789377046252042476e+02,2.000000000000000000e+00
1.519897664609505341e+02,6.018191979769298428e+01,4.000000000000000000e+00
1.671054593578117249e+02,-1.203427349718816117e+02,1.000000000000000000e+00
1.216666646776855032e+02,1.158467705111449106e+02,1.000000000000000000e+00
7.776077926478208724e+01,-1.797411084882534169e+02,0.000000000000000000e+00
1.006231770574493112e+02,-4.475670508273563541e+01,3.000000000000000000e+00
-1.609291559037232560e+02,7.402446664521687580e+01,4.000000000000000000e+00
1.515539296281329484e+02,-4.452640025986694639e+01,3.000000000000000000e+00
9.628201628628897879e+01,-1.734446054742817580e+02,4.000000000000000000e+00
-1.296596131903030482e+02,1.602683696582912773e+02,1.000000000000000000e+00
-1.101604870026924772e+02,-1.145422268282217999e+02,4.000000000000000000e+00
-1.131399273519740802e+02,1.641921088160541160e+02,0.000000000000000000e+00
9.181418165475641047e-01,1.694778136861350788e+02,2.000000000000000000e+00
1.756805787883156427e+02,-1.343747746080753700e+02,3.000000000000000000e+00
6.932752505983654778e+00,-1.680246083303750027e+02,1.000000000000000000e+00
7.966596714382494504e+00,-1.363411818784054503e+02,2.000000000000000000e+00
1.719899975809091330e+01,-3.424272330305791456e+01,0.000000000000000000e+00
-2.812583963081543459e+01,1.640427388272005942e+02,1.000000000000000000e+00
2.348026357498614303e+01,3.513830495035918489e+01,2.000000000000000000e+00
3.409357061110309672e+01,2.568658554324466081e+01,1.000000000000000000e+00
1.380667796341134590e+02,9.309695945546485518e+01,0.000000000000000000e+00
5.799983980831939334e+01,-1.219966912744238385e+02,1.000000000000000000e+00
-1.778355096803105653e+02,2.680907614603209055e+01,3.000000000000000000e+00
4.908921629421146804e+01,1.594916216111664653e+02,4.000000000000000000e+00
-2.826078622308935806e+01,-9.089913799087585744e+01,3.000000000000000000e+00
1.007533552387893678e+02,8.444511805264131254e+00,1.000000000000000000e+00
1.264525318621558654e+02,-1.260018287007405888e+02,4.000000000000000000e+00
2.630196332734809062e+01,6.689110901611857685e+01,1.000000000000000000e+00
-6.266699133710319103e+01,5.824446514589503465e+01,1.000000000000000000e+00
-1.197477878676997136e+02,-1.143805965473106028e+02,2.000000000000000000e+00
7.079266716530874248e+01,-1.261098663798615149e+02,4.000000000000000000e+00
1.725579149074094687e+02,4.290223888125977680e+01,2.000000000000000000e+00
1.264741874756046229e+02,9.079648773970804143e+01,4.000000000000000000e+00
1.737090512826583222e+02,-1.879386319161060470e+00,3.000000000000000000e+00
6.200112299441711627e+01,2.178054376728292141e+01,4.000000000000000000e+00
-1.006627631312260718e+02,1.055311639245852575e+02,1.000000000000000000e+00
-9.113690592936697499e+01,1.365464212024789958e+02,4.000000000000000000e+00
1.609860614916458701e+02,4.905613159876711649e+01,4.000000000000000000e+00
-1.165639045828250886e+02,1.297766430442306955e+02,3.000000000000000000e+00
-1.609680883015568043e+02,1.603931906037003614e+02,4.000000000000000000e+00
1.238410914453567671e+02,-1.393163108155825682e+02,4.000000000000000000e+00
-1.676931800985014149e+02,1.637214514523910509e+02,3.000000000000000000e+00
-4.710806322027040238e+01,-1.717889047137852572e+02,3.000000000000000000e+00
6.867277929424642480e+01,1.625032409503986628e+02,1.000000000000000000e+00
3.200210488027715883e+01,3.530548773409794450e+01,0.000000000000000000e+00
-1.738250225242873626e+02,4.022864545571506767e+01,3.000000000000000000e+00
-5.135728421530073717e+01,6.751638046763606127e+00,2.000000000000000000e+00
1.185827544171369965e+02,6.840193978813542230e+01,3.000000000000000000e+00
-8.703813390321009535e+01,-5.521300795160533426e+01,2.000000000000000000e+00
-4.471824505588825360e+01,8.128437977911153212e+01,1.000000000000000000e+00
1.367012671991334827e+01,-1.528021425384280292e+02,3.000000000000000000e+00
-1.468733370638977931e+02,9.346723313064535432e+01,3.000000000000000000e+00
1.366678743592953822e+02,-8.284933466372208954e+01,1.000000000000000000e+00
1.014306884600780023e+02,1.492876400984229406e+02,0.000000000000000000e+00
-1.441801089220834697e+01,1.674298548763794940e+02,3.000000000000000000e+00
1.790609482843689193e+02,-7.701701458427982061e+01,4.000000000000000000e+00
-4.017704600487540745e+01,-7.578177412784336298e+01,4.000000000000000000e+00
1.334290499362705020e+02,-1.251037309081899167e+02,0.000000000000000000e+00
-1.273176329969263065e+02,-1.409731913892326247e+02,1.000000000000000000e+00
1.591846456136815675e+02,-1.679099379948197566e+02,3.000000000000000000e+00
-2.164866723836385631e+01,-7.496062252212747978e+01,0.000000000000000000e+00
-1.424873942778184528e+02,1.327861930805928523e+02,0.000000000000000000e+00
-9.513975897758447786e+01,1.558578237239199780e+02,0.000000000000000000e+00
-1.406389641694318584e+02,-1.485427220619771447e+02,0.000000000000000000e+00
1.747147151936845262e+02,1.640973811639180724e+02,3.000000000000000000e+00
-1.122344690906969475e+02,1.522665187094521144e+01,1.000000000000000000e+00
-1.476606142285245653e+02,1.199463925598354592e+02,1.000000000000000000e+00
5.778715013922433030e+01,7.461261192603114978e+01,0.000000000000000000e+00
-1.156441507189103675e+02,-1.209965898201778032e+02,3.000000000000000000e+00
1.534392400452931327e+02,-3.877815315664489049e+01,3.000000000000000000e+00
-9.907555689546204292e+01,1.748701764279299198e+02,1.000000000000000000e+00
8.298014270273915827e+01,-1.346938609522615877e+02,2.000000000000000000e+00
-3.799482710678336872e+01,1.704951964044664123e+02,4.000000000000000000e+00
-1.615201537165177967e+02,4.703898721859519583e+01,2.000000000000000000e+00
9.568614248089640739e+01,-2.104683812844823088e+00,0.000000000000000000e+00
1.159909878616673922e+02,1.650213577420794309e+02,4.000000000000000000e+00
-1.530400560791518672e+02,9.600804506370576519e+01,4.000000000000000000e+00
-8.065518578409287898e+01,-1.390255075415369106e+02,0.000000000000000000e+00
4.926230833565035283e+01,1.391109698746431889e+02,3.000000000000000000e+00
3.700415669197281154e+00,-1.621915645984801131e+02,1.000000000000000000e+00
-1.734247915063716050e+02,2.076797919205519705e+00,4.000000000000000000e+00
1.502805643246191778e+02,-9.181433945774936944e+01,1.000000000000000000e+00
-9.104295052951668765e+01,1.291345045511084209e+02,3.000000000000000000e+00
-5.342511426451748946e+01,1.400819279236575312e+02,2.000000000000000000e+00
1.860009010740068902e+01,1.350576304815280650e+02,0.000000000000000000e+00
5.676372671070521392e+01,-2.344212583426438457e+01,0.000000000000000000e+00
-1.564898490028687661e+02,1.505410043916392624e+02,1.000000000000000000e+00
-1.196756757980477559e+01,-7.410358261172143557e+01,4.000000000000000000e+00
1.268789498664647084e+02,-1.047123174324438253e+02,3.000000000000000000e+00
-7.972164491417251497e+01,1.536901604536989794e+02,2.000000000000000000e+00
1.756103402040805577e+02,-1.378217178551483926e+02,3.000000000000000000e+00
-6.248852310996344528e+00,-1.116001464785515509e+02,3.000000000000000000e+00
9.882821658064857218e+01,7.561860258142581870e+01,4.000000000000000000e+00
-5.699651408845233647e+01,-4.184186568580001619e+01,0.000000000000000000e+00
-7.803787557819978815e+01,-1.083502250814368324e+02,0.000000000000000000e+00
1.186374030686451420e+02,-1.331860206732094412e+02,2.000000000000000000e+00
-4.686255511521943617e+01,-4.905510717313419633e+01,4.000000000000000000e+00
-7.086359910442911314e+01,-9.101507690296568853e+01,2.000000000000000000e+00
1.005180071022922732e+02,4.599553619898038193e+01,4.000000000000000000e+00
-8.539358337478523708e+01,6.989082468804257076e+01,2.000000000000000000e+00
1.483428676418654959e+02,1.704539466001681092e+02,0.000000000000000000e+00
-1.035227206483877005e+01,-2.394716619655352474e+01,2.000000000000000000e+00
1.366929319169452697e+02,-5.781754566865645018e+01,3.000000000000000000e+00
1.211348017624191016e+02,5.733143699566561935e+01,0.000000000000000000e+00
6.373499041492134154e+01,6.615336101059186547e+01,3.000000000000000000e+00
4.722913874979039406e+01,5.571553407165367133e+01,0.000000000000000000e+00
9.137132209282488304e+01,-5.713724182764700288e+01,3.000000000000000000e+00
2.913180083151853594e+01,6.576916925160557525e+01,4.000000000000000000e+00
-1.603712666019184141e+01,1.708569706860074291e+02,0.000000000000000000e+00
1.174674979500673118e+02,1.517473318767539467e+02,3.000000000000000000e+00
-4.163474563529727845e+01,1.756833864084340746e+02,0.000000000000000000e+00
1.499609471782709704e+02,6.285179259077964531e+01,4.000000000000000000e+00
-1.614547891015685650e+02,-1.662429805260614160e+02,0.000000000000000000e+00
1.101260450121241092e+02,-1.577261276838592607e+02,4.000000000000000000e+00
-5.660730579166353493e+01,1.628786112900871785e+02,4.000000000000000000e+00
7.503631957546721765e+01,-1.052338417394480246e+02,2.000000000000000000e+00
1.667434686397185430e+02,1.006966128507932865e+02,2.000000000000000000e+00
-1.496283859746194480e+02,1.755694851469504556e+02,4.000000000000000000e+00
-1.360581778366426704e+02,7.246451973917696421e+01,4.000000000000000000e+00
3.845196820676566318e-01,-1.506821307587341323e+02,3.000000000000000000e+00
-4.426801996313282928e+01,-1.411678911344804135e+02,1.000000000000000000e+00
1.421181756893113572e+02,1.631278221561554460e+02,4.000000000000000000e+00
-1.229343629170452203e+02,1.744412964286071599e+02,3.000000000000000000e+00
-1.129707193817295945e+02,6.307719488360281623e+00,4.000000000000000000e+00
-2.878904749638154215e+01,-1.493559991509952170e+02,0.000000000000000000e+00
-1.212189042224702575e+02,2.136635741879588579e+01,4.000000000000000000e+00
3.457003105875118365e+01,-2.966802392318371062e+01,0.000000000000000000e+00
1.073532806870858707e+02,1.457577998902357308e+02,2.000000000000000000e+00
-6.448942799875365495e+01,1.573647359997753483e+02,0.000000000000000000e+00
-1.597782227791111325e+02,-6.890561027873012279e+01,0.000000000000000000e+00
-1.238011205246039452e+02,-4.122107788173428844e+01,1.000000000000000000e+00
-5.897032717446383288e+01,-1.267814311028207612e+02,3.000000000000000000e+00
-9.455465020007012811e+01,1.506775993114165999e+02,0.000000000000000000e+00
7.581167745371698174e+01,6.043453384762809577e+01,3.000000000000000000e+00
1.521892100108145485e+01,-1.257812148873037899e+02,4.000000000000000000e+00
6.847200395214274593e+00,-9.738353332918242700e+01,4.000000000000000000e+00
7.646618136120987685e+01,1.130901966871875288e+02,4.000000000000000000e+00
8.743874407416808481e+01,-8.821193865943381240e+01,4.000000000000000000e+00
3.178579492005577833e+01,-1.411330314545527642e+02,2.000000000000000000e+00
-1.054376837150887241e+02,-9.567074186411875303e+01,3.000000000000000000e+00
1.056637971051291203e+02,-4.665368067007710096e+01,0.000000000000000000e+00
1.391283059331168772e+02,-1.050732464440153002e+01,2.000000000000000000e+00
-9.620560511017313843e+01,-1.525387220825103043e+02,4.000000000000000000e+00
9.085354126503258954e+01,-4.975837576196937562e+00,0.000000000000000000e+00
-1.294652853306199347e+02,-2.314437332930517144e+01,4.000000000000000000e+00
-6.176193324006336027e+00,1.316444793571972980e+02,2.000000000000000000e+00
-3.193796279774772096e+00,-1.585083032423704310e+02,1.000000000000000000e+00
7.684245564228983483e+01,-1.374144605752247799e+02,4.000000000000000000e+00
-6.073493068529246841e+01,-1.562234664346229067e+02,1.000000000000000000e+00
7.018451287313904174e+01,-5.741261847614619285e+01,1.000000000000000000e+00
-1.300817880856456199e+01,-1.792918842144645453e+02,0.000000000000000000e+00
7.981950405474107413e+01,-3.771118194765531229e+01,1.000000000000000000e+00
-1.558067425872209242e+02,1.069543027081377176e+02,3.000000000000000000e+00
8.090439623666391356e+00,-2.547940139621096023e+01,1.000000000000000000e+00
-1.179623402284290421e+02,-1.570455255945624060e+02,0.000000000000000000e+00
-1.208155447239136464e+02,1.196395037533207102e+02,2.000000000000000000e+00
6.673255651263194466e+01,6.566617217100143478e+01,4.000000000000000000e+00
1.529467260502843544e+02,-1.435822465663895287e+02,3.000000000000000000e+00
1.171741421229426550e+02,-1.282059838287017897e+02,2.000000000000000000e+00
-1.635936029668262108e+02,-1.114019537206476507e+01,0.000000000000000000e+00
5.693299716559364754e+01,1.732641119827249270e+02,1.000000000000000000e+00
-1.973326356905324275e+01,7.483024466420711462e+01,4.000000000000000000e+00
1.767487671389104378e+02,1.689362318101815106e+02,4.000000000000000000e+00
1.220790095759290921e+02,1.293058023001016466e+02,4.000000000000000000e+00
1.505488299044307041e+02,1.580732223740832580e+02,1.000000000000000000e+00
9.801120545772199932e+01,-5.356282310091068410e+01,3.000000000000000000e+00
-1.118757096075533752e+02,-8.717697245982802201e+01,0.000000000000000000e+00
-1.611920236752134485e+02,-1.075673189431540635e+02,0.000000000000000000e+00
-1.788505689812436970e+02,-1.751065327292003815e+02,0.000000000000000000e+00
-1.768048209377252817e+02,-1.349586479155235281e+02,0.000000000000000000e+00
-5.254789191704817597e+01,2.164234240289205502e+01,2.000000000000000000e+00
2.607278138560755565e+01,1.151439575064351857e+02,4.000000000000000000e+00
5.070069100987141297e+01,-8.838542746267866335e+01,2.000000000000000000e+00
-1.769771408043147005e+02,9.094899921572606161e+01,4.000000000000000000e+00
4.112784622094576292e+00,1.427572625738045531e+02,4.000000000000000000e+00
-1.608874260702316690e+02,2.119919992595566072e+01,2.000000000000000000e+00
-1.362910687543756296e+02,-5.033377821684621267e+01,2.000000000000000000e+00
8.154785306657568356e+01,1.760316909399881524e+02,0.000000000000000000e+00
-3.263822252826643933e+01,-7.684456811436649559e+01,2.000000000000000000e+00
1.675754300738893505e+02,-7.038336578951985700e+01,4.000000000000000000e+00
1.459507434067598552e+01,-1.050987844024424334e+02,0.000000000000000000e+00
-2.122246067071975162e+01,-5.840720967245773920e+01,4.000000000000000000e+00
1.244305413711337494e+01,-1.564392803507598160e+02,1.000000000000000000e+00
6.060888272947740774e+01,1.439759042899491135e+02,3.000000000000000000e+00
1.037572548937206420e+02,-4.006335867735696610e+01,4.000000000000000000e+00
-1.593750539836255484e+02,-1.274358969579792529e+02,2.000000000000000000e+00
1.375849153994541325e+02,7.593036963882333623e+01,0.000000000000000000e+00
1.390037739765347453e+02,-1.383146200723931543e+02,2.000000000000000000e+00
3.852941854139851330e+01,1.681089577076747617e+02,1.000000000000000000e+00
-7.902552219647861875e+01,7.629992411795976182e+01,2.000000000000000000e+00
-4.159534184300697746e+01,1.015847989027796388e+02,0.000000000000000000e+00
6.846059496050547466e+01,-2.764796009429932866e+00,0.000000000000000000e+00
1.304959169496039522e+02,-1.281895423656898743e+02,2.000000000000000000e+00
7.688848488933147962e+01,1.160162733957584038e+02,4.000000000000000000e+00
7.814228186143353128e+01,-2.816034122764428815e+01,0.000000000000000000e+00
4.127605231609412328e+01,1.085992917194933938e+01,2.000000000000000000e+00
-6.255265234900293336e+01,-1.362567922890017655e+02,3.000000000000000000e+00
2.165561327183049656e+01,-3.532628405235580971e+01,3.000000000000000000e+00
1.601281959403600865e+02,-4.792065047814701018e+01,3.000000000000000000e+00
1.011802256425852420e+02,3.063114846307062678e+01,0.000000000000000000e+00
1.693885062315333130e+02,-2.132128498315358556e+01,2.000000000000000000e+00
-1.413199874913502470e+02,8.240783671193379689e+01,0.000000000000000000e+00
1.074282439407972731e+02,6.211180577308176254e+01,1.000000000000000000e+00
-4.036691208659431140e+01,-1.527996715324916011e+02,4.000000000000000000e+00
-7.771678096499454114e+01,1.132556717400968971e+01,0.000000000000000000e+00
-1.958418004951705882e+01,-1.597874732252710039e+01,1.000000000000000000e+00
1.653838750319294775e+02,-1.003211607979948212e+02,3.000000000000000000e+00
-1.221357800488726753e+01,1.523660019320022627e+02,4.000000000000000000e+00
-2.361615238116968030e+01,-1.881817096513566767e+01,2.000000000000000000e+00
6.458173513930769616e+01,-1.693496796199291339e+02,0.000000000000000000e+00
2.647193961545739427e+01,8.810203130931972737e+01,3.000000000000000000e+00
8.485818666374906627e+01,8.792676324264368759e+01,0.000000000000000000e+00
-1.413796681786186298e+02,1.930921565590213618e+01,1.000000000000000000e+00
1.384301908514522950e+02,-4.239982861368653033e+01,0.000000000000000000e+00
-1.693877697521532752e+02,1.293390884975501649e+02,1.000000000000000000e+00
1.389730936056610631e+02,-9.808507402345317416e+01,3.000000000000000000e+00
1.440230296131423415e+02,-8.148740314642422788e+01,2.000000000000000000e+00
5.295068782277390085e+01,-1.305451443950546206e+02,0.000000000000000000e+00
3.834257299925523199e+01,1.310537702001113303e+01,4.000000000000000000e+00
-1.414599729848011975e+02,3.021310020861829315e+01,1.000000000000000000e+00
1.463974823468473119e+02,9.763871281995673712e+01,1.000000000000000000e+00
-7.096817296301068723e+01,-1.590171067886623462e+02,2.000000000000000000e+00
-9.624482206534565876e+01,1.391647246945208281e+02,4.000000000000000000e+00
1.646313671862420449e+02,1.556459432163032659e+02,4.000000000000000000e+00
-6.819786177235420155e+01,5.162469226910754827e+01,2.000000000000000000e+00
-5.755713833802372648e+01,-3.983686867176170487e+00,0.000000000000000000e+00
6.168246816072803540e+01,7.471095952528466455e+01,3.000000000000000000e+00
3.456748838783929045e+01,5.407949135956779685e+01,2.000000000000000000e+00
-1.581194662532614643e+02,-1.546001648555206316e+02,4.000000000000000000e+00
-9.179043675470713026e+01,2.727268676037897421e+01,0.000000000000000000e+00
-3.469932407772895289e+01,-1.755974748009146680e+01,0.000000000000000000e+00
-1.136059070489650225e+02,-3.981482883033744002e+01,0.000000000000000000e+00
4.167885501838051709e+01,-1.065956879889198774e+02,4.000000000000000000e+00
1.532982749882420137e+02,7.521576866812392836e+01,1.000000000000000000e+00
-1.262005707107069163e+01,-1.156730322937149822e+02,0.000000000000000000e+00
-3.835253022270619283e+01,9.271134691177036302e+01,2.000000000000000000e+00
-1.594227639637419998e+02,-1.378660051633281682e+02,4.000000000000000000e+00
-4.232262108154283453e+01,-6.589323583226054382e+00,2.000000000000000000e+00
8.630844005331709923e+01,1.091300336155592419e+02,1.000000000000000000e+00
-1.776721472350226634e+02,6.053650902598466388e+00,1.000000000000000000e+00
7.127363845761986738e+01,4.523294451337159217e+01,4.000000000000000000e+00
-1.741496693297384581e+02,-1.160562367346187784e+02,2.000000000000000000e+00
-8.922707279855799811e+01,-1.509643751421003799e+01,1.000000000000000000e+00
1.363162113420864898e+02,2.100431727780222246e+01,1.000000000000000000e+00
-1.734647719566910951e+01,-4.327853947613091634e+01,0.000000000000000000e+00
-1.156416378390419766e+02,-7.516998231891336957e+01,2.000000000000000000e+00
9.829205995346303126e+00,-1.501149645014120608e+02,3.000000000000000000e+00
-6.593145384718414448e+01,9.168429398439099032e+01,1.000000000000000000e+00
-1.720322151614547579e+02,1.368023918541518640e+02,4.000000000000000000e+00
-1.008595154956399256e+02,1.631674470507712726e+02,3.000000000000000000e+00
7.615629866826230909e+01,6.650505189976911424e+01,0.000000000000000000e+00
1.449746751147328041e+02,1.293871430136596814e+02,3.000000000000000000e+00
1.491463107950391631e+01,-1.697667282903067587e+02,1.000000000000000000e+00
1.599547315728846115e+02,1.483184694908621566e+02,3.000000000000000000e+00
1.543128345618877262e+01,-1.088089418703367244e+02,2.000000000000000000e+00
4.514693499550106282e+01,7.918499883208576762e+01,2.000000000000000000e+00
7.402500545394963183e+01,6.155235953025653117e+01,1.000000000000000000e+00
-6.220816424275446366e+01,1.330522230344316625e+01,1.000000000000000000e+00
1.208900724775853419e+01,1.696534651925959167e+02,3.000000000000000000e+00
-8.032295511690847434e+01,2.336522943651126027e+01,2.000000000000000000e+00
-1.779798732756718778e+02,1.341372526312873958e+02,1.000000000000000000e+00
4.202019791350840450e+01,5.217828361590510156e+01,0.000000000000000000e+00
1.606739234573565795e+02,1.064966686780117158e+02,4.000000000000000000e+00
-1.283692327905089030e+02,2.278289378570617529e+01,4.000000000000000000e+00
1.720433023090041900e+02,1.067989221650994125e+02,3.000000000000000000e+00
-2.476218171310331684e+01,4.378762618699158793e+01,3.000000000000000000e+00
-1.795706202279156400e+02,-4.476316746429279902e+01,3.000000000000000000e+00
1.440715099058873534e+02,-5.951155409813335950e+01,4.000000000000000000e+00
4.670899427611439592e+01,-7.371450530984127170e+01,1.000000000000000000e+00
-1.146856760282186940e+02,3.551037642984351805e+01,4.000000000000000000e+00
-1.248360050997102206e+02,1.024034794934207326e+02,4.000000000000000000e+00
-6.157323834383656447e+01,-5.449088050817439211e+01,1.000000000000000000e+00
-1.329196611460579902e+02,-9.934905526890210581e+01,2.000000000000000000e+00
-7.262703438204019335e+01,1.789272662545057813e+02,1.000000000000000000e+00
2.024432819547924112e+01,8.100137085229722800e+01,4.000000000000000000e+00
-2.448967469980778411e+00,4.209966247620283752e+01,1.000000000000000000e+00
-1.328696935070200311e+02,6.179674199083845565e+01,4.000000000000000000e+00
1.358201307948167482e+02,6.248684256649953284e+01,0.000000000000000000e+00
